insert into banks (id, bic, name)
values (1, 'BYBK', 'Clever-Bank'),
       (2, 'ALFA', 'Альфа-Банк'),
       (3, 'BLBB', 'Белинвестбанк'),
       (4, 'AKBB', 'АСБ Беларусбанк'),
       (5, 'ABLT', 'Абсолютбанк'),
       (6, 'OLMP', 'Белгазпромбанк'),
       (7, 'PJCB', 'Приорбанк');

insert into users(id, last_name, first_name, middle_name, bank_id)
VALUES (1,'Дьячков', 'Архип', 'Никитевич', 4),
       (2,'Пахомов', 'Варлам', 'Германнович', 2),
       (3,'Соколов', 'Болеслав', 'Альвианович', 7),
       (4,'Капустин', 'Юстин', 'Федорович', 1),
       (5,'Иванков', 'Арсений', 'Авдеевич', 3),
       (6,'Самойлов', 'Мартин', 'Пётрович', 7),
       (7,'Сорокин', 'Парамон', 'Парфеньевич', 4),
       (8,'Андреев', 'Иван', 'Георгьевич', 5),
       (9,'Суханов', 'Вячеслав', 'Евгеньевич', 6),
       (10,'Голубев', 'Вилен', 'Семенович', 5),
       (11,'Константинов', 'Климент', 'Георгиевич', 3),
       (12,'Пономарёв', 'Кондрат', 'Вадимович', 6),
       (13,'Пономарёв', 'Кондрат', 'Вадимович', 1),
       (14,'Титов', 'Вадим', 'Серапионович', 4),
       (15,'Давыдов', 'Макар', 'Артемович', 2),
       (16,'Логинов', 'Гурий', 'Иосифович', 7),
       (17,'Русаков', 'Панкрат', 'Леонидович', 3),
       (18,'Калинин', 'Гаянэ', 'Федорович', 1),
       (19,'Одинцов', 'Панкрат', 'Валентинович', 6),
       (20,'Дементьев', 'Дмитрий', 'Святославович', 5),
       (21,'Мартынов', 'Эльдар', 'Еремеевич', 4),
       (22,'Шаров', 'Аполлон', 'Петрович', 3),
       (23,'Сысоев', 'Гаянэ', 'Игнатьевич', 2),
       (24,'Галкин', 'Митрофан', 'Протасьевич', 1),
       (25,'Гущин', 'Феликс', 'Яковлевич', 7);

insert into accounts (id, iban, currency, balance, date_open, user_id, bank_id)
VALUES ( 0,	  'none',	  'BYN',	 2861.92,	  '2015-04-27 18:47:57',	  16 ,	3),
       ( 1,	  'none',	  'USD',	 1001.47,	  '2017-08-22 23:53:26',	  12 ,	1),
       ( 2,	  'none',	  'USD',	 322.31,	  '2016-05-01 15:04:40',	  16 ,	1),
       ( 3,	  'none',	  'BYN',	 5744.31,	  '2017-08-19 04:14:33',	  16 ,	4),
       ( 4,	  'none',	  'EUR',	 1673.74,	  '2016-06-19 19:20:19',	  23 ,	4),
       ( 5,	  'none',	  'CAD',	 329.41,	  '2022-11-03 21:46:12',	  13 ,	1),
       ( 6,	  'none',	  'BYN',	 6978.62,	  '2015-11-08 21:20:23',	  16 ,	4),
       ( 7,	  'none',	  'USD',	 6288.07,	  '2010-11-11 15:08:03',	  5 ,	5),
       ( 8,	  'none',	  'RUB',	 5997.43,	  '2010-06-06 15:39:31',	  8 ,	6),
       ( 9,	  'none',	  'EUR',	 107.17,	  '2022-04-03 23:54:44',	  12 ,	2),
       ( 10,	  'none',	  'USD',	 2140.7,	  '2015-12-25 05:38:36',	  5 ,	6),
       ( 11,	  'none',	  'CAD',	 7666.05,	  '2012-10-20 20:13:10',	  19 ,	1),
       ( 12,	  'none',	  'CNY',	 9610.98,	  '2011-08-10 01:27:38',	  19 ,	1),
       ( 13,	  'none',	  'EUR',	 9776.97,	  '2017-03-06 14:08:15',	  11 ,	2),
       ( 14,	  'none',	  'BYN',	 2651.24,	  '2011-03-18 02:43:54',	  10 ,	6),
       ( 15,	  'none',	  'CAD',	 7864.47,	  '2019-12-03 22:30:38',	  21 ,	1),
       ( 16,	  'none',	  'EUR',	 2540.48,	  '2016-12-21 01:03:02',	  10 ,	7),
       ( 17,	  'none',	  'BYN',	 8911.05,	  '2015-08-12 21:05:22',	  19 ,	3),
       ( 18,	  'none',	  'RUB',	 2908.87,	  '2019-01-31 22:26:31',	  13 ,	1),
       ( 19,	  'none',	  'CNY',	 5823.5,	  '2012-07-05 02:02:37',	  14 ,	2),
       ( 20,	  'none',	  'RUB',	 1916.5,	  '2015-01-29 23:59:38',	  5 ,	6),
       ( 21,	  'none',	  'USD',	 2686.25,	  '2019-02-05 05:27:57',	  12 ,	2),
       ( 22,	  'none',	  'EUR',	 2674.44,	  '2018-04-01 19:06:09',	  5 ,	1),
       ( 23,	  'none',	  'EUR',	 7814.89,	  '2014-07-29 17:53:08',	  22 ,	2),
       ( 24,	  'none',	  'CAD',	 6968.11,	  '2013-05-18 18:31:53',	  11 ,	4),
       ( 25,	  'none',	  'CNY',	 2120.7,	  '2021-08-16 02:07:31',	  17 ,	4),
       ( 26,	  'none',	  'RUB',	 7582.15,	  '2013-08-04 17:38:14',	  15 ,	1),
       ( 27,	  'none',	  'EUR',	 3615.19,	  '2022-02-19 02:17:05',	  13 ,	7),
       ( 28,	  'none',	  'CAD',	 3375.92,	  '2010-02-28 21:17:36',	  17 ,	7),
       ( 29,	  'none',	  'RUB',	 9861.52,	  '2019-02-06 00:53:05',	  23 ,	1),
       ( 30,	  'none',	  'CAD',	 6704.64,	  '2013-06-09 23:31:28',	  4 ,	7),
       ( 31,	  'none',	  'BYN',	 402.73,	  '2016-12-04 23:47:09',	  6 ,	2),
       ( 32,	  'none',	  'USD',	 3561.72,	  '2010-04-18 16:54:48',	  14 ,	5),
       ( 33,	  'none',	  'USD',	 2064.16,	  '2019-07-11 15:03:21',	  4 ,	3),
       ( 34,	  'none',	  'USD',	 8874.56,	  '2018-05-26 00:07:49',	  6 ,	6),
       ( 35,	  'none',	  'RUB',	 5438.22,	  '2015-05-21 03:08:33',	  20 ,	3),
       ( 36,	  'none',	  'RUB',	 1171.03,	  '2016-01-06 00:00:18',	  24 ,	3),
       ( 37,	  'none',	  'RUB',	 9622.2,	  '2013-06-16 19:33:59',	  24 ,	1),
       ( 38,	  'none',	  'RUB',	 3336.29,	  '2018-12-08 02:38:25',	  16 ,	1),
       ( 39,	  'none',	  'CNY',	 2815.23,	  '2022-03-07 18:08:44',	  19 ,	6),
       ( 40,	  'none',	  'USD',	 5409.97,	  '2015-11-22 11:28:35',	  6 ,	4)




